name,min,mean,median,max,stddev
1smcompiler/test_performances.py::test_nb_parties_2,0.009493989000475267,0.010276149818309932,0.010160369499317312,0.013299858999744174,0.0006058076189452884
2smcompiler/test_performances.py::test_nb_parties_4,0.017767514000297524,0.02281963579967851,0.019421101000261842,0.07038161300079082,0.010330811209826287
3smcompiler/test_performances.py::test_nb_parties_8,0.05160806299863907,0.058897280199817034,0.053972551999322604,0.10262592899925949,0.011997984477707887
4smcompiler/test_performances.py::test_nb_parties_16,0.16923352599951613,0.17965050348022488,0.1765986940008588,0.21262264200049685,0.010009241256086727
5smcompiler/test_performances.py::test_nb_parties_25,0.3956472099998791,0.4177643341600196,0.41317128599985153,0.4672885010004393,0.020307279206866917
6smcompiler/test_performances.py::test_nb_parties_32,0.6311424689993146,0.6627222065598471,0.6502857670002413,0.734234337000089,0.029379884247561487
7smcompiler/test_performances.py::test_nb_parties_48,1.380552037000598,1.4495574925600523,1.4395014649999212,1.8278657129994826,0.08536161249986528
8smcompiler/test_performances.py::test_nb_parties_64,2.462116288999823,2.6503315863601165,2.6396986869985994,2.942998747999809,0.12535828430396123
