name,min,mean,median,max,stddev
1smcompiler/test_performances.py::test_nb_scal_mul_1,0.011835269000584958,0.012672814246739167,0.012434474001565832,0.015085250999618438,0.000654484438422237
2smcompiler/test_performances.py::test_nb_scal_mul_4,0.012088518999007647,0.01348535171993717,0.01273230699916894,0.021488219001184916,0.0019557042955430466
3smcompiler/test_performances.py::test_nb_scal_mul_8,0.012202395000713295,0.01552319599990629,0.012850433500716463,0.05550896100066893,0.008623149230956023
4smcompiler/test_performances.py::test_nb_scal_mul_16,0.012307896000493201,0.015182936360142776,0.014652592999482295,0.021588849000181654,0.0019484414864581706
5smcompiler/test_performances.py::test_nb_scal_mul_32,0.011897690999830957,0.013068323439947563,0.012387188000502647,0.02207089100011217,0.002159236797716169
6smcompiler/test_performances.py::test_nb_scal_mul_64,0.012427939998815418,0.013643383879898465,0.012887230001069838,0.02343242800088774,0.002289373345837637
7smcompiler/test_performances.py::test_nb_scal_mul_128,0.012301191998631111,0.01408372663972841,0.013163436999093392,0.02309997399970598,0.002458917092792614
8smcompiler/test_performances.py::test_nb_scal_mul_256,0.0125680260007357,0.0137026567599969,0.013192897999033448,0.022719562000929727,0.0020324824474784596
9smcompiler/test_performances.py::test_nb_scal_mul_400,0.012341319999904954,0.01382140111993067,0.013246274000266567,0.02201898399835045,0.0019775783006773027
