name,min,mean,median,max,stddev
1smcompiler/test_performances.py::test_nb_sec_mul_1,0.01851185799932864,0.019583773708329016,0.01930607800022699,0.024369340999328415,0.0009958511372414438
2smcompiler/test_performances.py::test_nb_sec_mul_4,0.03628739700070582,0.040185693720122796,0.037726258000475354,0.058807760000490816,0.006190385658652567
3smcompiler/test_performances.py::test_nb_sec_mul_8,0.05966205799995805,0.06606031512012123,0.06294719300058205,0.11278030199900968,0.01093301177532536
4smcompiler/test_performances.py::test_nb_sec_mul_16,0.10679726300077164,0.11290631676019984,0.10853266400044959,0.14953470500040567,0.010061119761989425
5smcompiler/test_performances.py::test_nb_sec_mul_32,0.20006024799840816,0.211110482239892,0.20444850500098255,0.2729418460003217,0.015599981426493827
6smcompiler/test_performances.py::test_nb_sec_mul_64,0.3844063139986247,0.41205575043990395,0.3983371120011725,0.5242767149993597,0.035259736210413326
7smcompiler/test_performances.py::test_nb_sec_mul_128,0.7583486389994505,0.8020171583199408,0.7899629780004034,0.890563896000458,0.03492939279917525
8smcompiler/test_performances.py::test_nb_sec_mul_256,1.4896761029995105,1.6034217900400836,1.600798269999359,1.7300162700012152,0.06500635974595578
9smcompiler/test_performances.py::test_nb_sec_mul_400,2.4539464289991884,2.678408224600062,2.6959751220001635,2.8130917250000493,0.10116572317827008
