name,min,mean,median,max,stddev
1smcompiler/test_performances.py::test_nb_sec_add_1,0.012692025999058387,0.014281079073471654,0.01373294800032454,0.02108528000098886,0.001691373619342129
2smcompiler/test_performances.py::test_nb_sec_add_4,0.013031775000854395,0.016387824040139096,0.016281604001051164,0.02369799899861391,0.002298188676756951
3smcompiler/test_performances.py::test_nb_sec_add_8,0.01284819700049411,0.014619079399926705,0.013708435999433277,0.022327148999465862,0.002124813124057607
4smcompiler/test_performances.py::test_nb_sec_add_16,0.012683327999184257,0.013874113919955562,0.013324277999345213,0.02264285999990534,0.00201969170594114
5smcompiler/test_performances.py::test_nb_sec_add_32,0.012651540000661043,0.013741207560015027,0.013286199000503984,0.02158275500005402,0.0018028578139754705
6smcompiler/test_performances.py::test_nb_sec_add_64,0.012933873000292806,0.014102777719672303,0.013758361999862245,0.022409249000702403,0.0018572727971771302
7smcompiler/test_performances.py::test_nb_sec_add_128,0.01316708200101857,0.015405458040113444,0.015086598999914713,0.024251232000096934,0.00216675173738857
8smcompiler/test_performances.py::test_nb_sec_add_256,0.013045793999481248,0.014298049040080514,0.013897700999223161,0.021855558999959612,0.0019346726748686212
9smcompiler/test_performances.py::test_nb_sec_add_512,0.013925078999818652,0.01514678380008263,0.014711528001498664,0.02374574999885226,0.001924986804324142
